{
  "model_type": "IsolationForest",
  "trained_at": "2025-12-10T22:42:36.194581",
  "input_dims": 96,
  "n_estimators": 100,
  "contamination": 0.05,
  "training_samples": 30000,
  "score_stats": {
    "mean": 0.4503817525923745,
    "std": 0.0632591978465233,
    "min": 0.36202587188780894,
    "max": 0.7214943772574939,
    "p50": 0.43811673176073807,
    "p90": 0.5475356323091579,
    "p95": 0.5710635483172524,
    "p99": 0.6186849208275507
  },
  "threshold_suggestion": 0.5710635483172524,
  "mean_vector": [
    0.23377227825795246,
    0.49590407774584744,
    0.0071859377695608585,
    0.2728847023597777,
    0.5505167359074262,
    0.5265444834444813,
    0.5875195964411288,
    0.3773460436964467,
    0.0,
    0.7921589081154492,
    0.0002558782806871169,
    0.2375740568163818,
    0.0,
    0.10065848039764605,
    0.2701148245965045,
    0.31604964211706776,
    0.29891413960603325,
    0.4069743449078644,
    0.04431408476303562,
    0.32219811897083245,
    0.452190819586716,
    0.1919546319528905,
    0.18172629605080148,
    0.3773853436562922,
    0.0,
    0.23318357196071823,
    0.00033330684379166616,
    0.23507143644849635,
    0.0,
    0.14746341696424164,
    0.3151879943598397,
    0.36274398769730926,
    0.1500679562892071,
    0.3112029898770934,
    0.0046415878093573155,
    0.16928663261460378,
    0.341742066994265,
    0.32730713098025244,
    0.3692312155748485,
    0.24156036591670668,
    0.0,
    0.49356142962844346,
    0.00016334460755967206,
    0.15091635076218118,
    0.0,
    0.06058156505829963,
    0.16735449724255733,
    0.1965469076614443,
    0.2561811386680879,
    0.4901401682722666,
    0.006754662706041911,
    0.22228977966151958,
    0.3681863780412225,
    0.26338517122389854,
    0.18606266015762968,
    0.04043253578842335,
    0.0,
    -0.24429296523501648,
    -0.0001367937515540216,
    -0.153218043208726,
    0.0,
    -0.08667382010995957,
    -0.2719894111867892,
    -0.3295398809541895,
    0.1956238627005878,
    0.3454060723338814,
    0.0035032511749538034,
    0.0449977425817315,
    -0.09084574656670562,
    -0.2455167613176129,
    -0.41087763248327774,
    -0.31580274101726724,
    0.0,
    -0.5549293986659022,
    -0.00011824159420777758,
    -0.040569379521708575,
    0.0,
    0.046582527263237555,
    0.18973701114426572,
    0.2629245305075217,
    0.18359911675383161,
    0.25381068223548725,
    0.0005822122266606543,
    -0.10160354273782889,
    -0.3837397877768426,
    -0.41377368188942465,
    -0.3650281468505948,
    -0.08971886645698904,
    0.0,
    0.48582552337584917,
    0.00020950018905988032,
    0.1688042287340652,
    0.0,
    -0.00760759826458366,
    -0.13515322483077624,
    -0.239125698567007
  ],
  "std_vector": [
    0.09216454591018214,
    0.2655555388339574,
    0.012629796505618207,
    0.07606654507335957,
    0.14909923104036252,
    0.16882731792388672,
    0.18420196585258236,
    0.1254379291115305,
    0.0,
    0.10992640618368339,
    0.0002605741066511725,
    0.23651300758017998,
    0.0,
    0.08595881696597858,
    0.08393668286967498,
    0.08204433246171557,
    0.10206019381253859,
    0.12248462202865981,
    0.02995659960592397,
    0.018559485826279882,
    0.14076040176343674,
    0.07698253973487418,
    0.09167831788448563,
    0.1211140449397263,
    0.0,
    0.09359926085003589,
    0.00033678296719073575,
    0.251494235933815,
    0.0,
    0.099144425167436,
    0.022888231569668675,
    0.061910120745162826,
    0.062243512676267654,
    0.16198485757033995,
    0.009564989957374675,
    0.03478031652817258,
    0.06747217730259453,
    0.09080272071461595,
    0.12080196461100705,
    0.08229875630208394,
    0.0,
    0.044508108147917405,
    0.0001652524809678714,
    0.15263479068728902,
    0.0,
    0.04963631150152695,
    0.03954091149817484,
    0.042143850266646486,
    0.11605932794516176,
    0.23796013214566578,
    0.015182780277032633,
    0.049363501792075014,
    0.07856231305530119,
    0.07775197767571089,
    0.07520211722899617,
    0.014761832636202493,
    0.0,
    0.03801562803831967,
    0.00014260572276048335,
    0.1553518204379221,
    0.0,
    0.07086391772144077,
    0.06742999107495781,
    0.06511330895324823,
    0.07917091680193289,
    0.1805257363417945,
    0.007386124083368795,
    0.011934097402138974,
    0.023463995001973978,
    0.0730008803757648,
    0.12206369738493704,
    0.1086368649243109,
    0.0,
    0.059915274381145,
    0.00011779588737992252,
    0.040836166623282426,
    0.0,
    0.04036748502346521,
    0.05606884142399122,
    0.06886577953428823,
    0.07559588430761832,
    0.13396903362124418,
    0.0012916064489849847,
    0.020000325535303478,
    0.07238007383808744,
    0.11048577058678982,
    0.12300165085779999,
    0.030702343461678137,
    0.0,
    0.03911621197713029,
    0.0002132713751924691,
    0.17125911697171062,
    0.0,
    0.0062207711419180155,
    0.03071922572307681,
    0.04829484256857188
  ]
}