id,density,radius,tags,center
hotzone-0,1044599.129798,0.300000,"MIXED_ACTIVITY","0.080584|0.404115|0.433683|-0.155058|-0.201467|0.199542|0.535118|0.467378|-0.466362|0.337038|0.165270|0.406911|0.337881|0.171489|0.424949|-0.019002"
hotzone-1,1044599.129043,0.300000,"MIXED_ACTIVITY","0.080584|0.404115|0.433683|-0.155058|0.329061|0.062709|0.379218|0.615129|0.036747|-0.090429|0.139837|0.711577|0.337881|0.171489|0.424949|-0.019002"
hotzone-2,1044599.126098,0.300000,"FEE_INTENSIVE|TIME_CLUSTER","0.502185|0.684774|-0.125489|-0.001983|-0.046794|0.558385|0.902469|0.726003|-0.466362|0.337038|0.165270|0.406911|0.337881|0.171489|0.424949|-0.019002"
hotzone-3,1044599.125343,0.300000,"FEE_INTENSIVE|TIME_CLUSTER","0.502185|0.684774|-0.125489|-0.001983|0.050264|0.780533|0.339338|0.198325|-0.218445|-0.022776|-0.346484|-0.630291|-0.114426|-0.132821|0.409457|-0.202462"
hotzone-4,1044599.125343,0.300000,"HIGH_VALUE","0.800372|-0.099313|-0.091674|-0.238555|-0.027456|-0.188650|-0.763530|-0.890635|-0.421185|-0.926811|0.044455|0.185259|0.337881|0.171489|0.424949|-0.019002"
hotzone-5,1044599.125343,0.300000,"HIGH_VALUE","0.800372|-0.099313|-0.091674|-0.238555|-0.211388|-0.445871|-0.643275|-0.117194|-0.466362|0.337038|0.165270|0.406911|-0.114426|-0.132821|0.409457|-0.202462"